﻿<?xml version="1.0"?>
<doc>
<assembly>
<name>
exam_marathonSkills_Barakovskiy403
</name>
</assembly>
<members>
<member name="T:exam_marathonSkills_Barakovskiy403.My.Resources.Resources">
<summary>
  A strongly-typed resource class, for looking up localized strings, etc.
</summary>
</member>
<member name="P:exam_marathonSkills_Barakovskiy403.My.Resources.Resources.ResourceManager">
<summary>
  Returns the cached ResourceManager instance used by this class.
</summary>
</member>
<member name="P:exam_marathonSkills_Barakovskiy403.My.Resources.Resources.Culture">
<summary>
  Overrides the current thread's CurrentUICulture property for all
  resource lookups using this strongly typed resource class.
</summary>
</member>
<member name="T:exam_marathonSkills_Barakovskiy403.exam_marathonSkills_barakovskiy403DataSet">
<summary>
Represents a strongly typed in-memory cache of data.
</summary>
</member>
<member name="T:exam_marathonSkills_Barakovskiy403.exam_marathonSkills_barakovskiy403DataSet.КлиентыDataTable">
<summary>
Represents the strongly named DataTable class.
</summary>
</member>
<member name="T:exam_marathonSkills_Barakovskiy403.exam_marathonSkills_barakovskiy403DataSet.СпециалистыDataTable">
<summary>
Represents the strongly named DataTable class.
</summary>
</member>
<member name="T:exam_marathonSkills_Barakovskiy403.exam_marathonSkills_barakovskiy403DataSet.ТренировкиDataTable">
<summary>
Represents the strongly named DataTable class.
</summary>
</member>
<member name="T:exam_marathonSkills_Barakovskiy403.exam_marathonSkills_barakovskiy403DataSet.УслугиDataTable">
<summary>
Represents the strongly named DataTable class.
</summary>
</member>
<member name="T:exam_marathonSkills_Barakovskiy403.exam_marathonSkills_barakovskiy403DataSet.КлиентыRow">
<summary>
Represents strongly named DataRow class.
</summary>
</member>
<member name="T:exam_marathonSkills_Barakovskiy403.exam_marathonSkills_barakovskiy403DataSet.СпециалистыRow">
<summary>
Represents strongly named DataRow class.
</summary>
</member>
<member name="T:exam_marathonSkills_Barakovskiy403.exam_marathonSkills_barakovskiy403DataSet.ТренировкиRow">
<summary>
Represents strongly named DataRow class.
</summary>
</member>
<member name="T:exam_marathonSkills_Barakovskiy403.exam_marathonSkills_barakovskiy403DataSet.УслугиRow">
<summary>
Represents strongly named DataRow class.
</summary>
</member>
<member name="T:exam_marathonSkills_Barakovskiy403.exam_marathonSkills_barakovskiy403DataSet.КлиентыRowChangeEvent">
<summary>
Row event argument class
</summary>
</member>
<member name="T:exam_marathonSkills_Barakovskiy403.exam_marathonSkills_barakovskiy403DataSet.СпециалистыRowChangeEvent">
<summary>
Row event argument class
</summary>
</member>
<member name="T:exam_marathonSkills_Barakovskiy403.exam_marathonSkills_barakovskiy403DataSet.ТренировкиRowChangeEvent">
<summary>
Row event argument class
</summary>
</member>
<member name="T:exam_marathonSkills_Barakovskiy403.exam_marathonSkills_barakovskiy403DataSet.УслугиRowChangeEvent">
<summary>
Row event argument class
</summary>
</member>
<member name="T:exam_marathonSkills_Barakovskiy403.exam_marathonSkills_barakovskiy403DataSetTableAdapters.КлиентыTableAdapter">
<summary>
Represents the connection and commands used to retrieve and save data.
</summary>
</member>
<member name="T:exam_marathonSkills_Barakovskiy403.exam_marathonSkills_barakovskiy403DataSetTableAdapters.СпециалистыTableAdapter">
<summary>
Represents the connection and commands used to retrieve and save data.
</summary>
</member>
<member name="T:exam_marathonSkills_Barakovskiy403.exam_marathonSkills_barakovskiy403DataSetTableAdapters.ТренировкиTableAdapter">
<summary>
Represents the connection and commands used to retrieve and save data.
</summary>
</member>
<member name="T:exam_marathonSkills_Barakovskiy403.exam_marathonSkills_barakovskiy403DataSetTableAdapters.УслугиTableAdapter">
<summary>
Represents the connection and commands used to retrieve and save data.
</summary>
</member>
<member name="T:exam_marathonSkills_Barakovskiy403.exam_marathonSkills_barakovskiy403DataSetTableAdapters.TableAdapterManager">
<summary>
TableAdapterManager is used to coordinate TableAdapters in the dataset to enable Hierarchical Update scenarios
</summary>
</member>
<member name="M:exam_marathonSkills_Barakovskiy403.exam_marathonSkills_barakovskiy403DataSetTableAdapters.TableAdapterManager.UpdateUpdatedRows(exam_marathonSkills_Barakovskiy403.exam_marathonSkills_barakovskiy403DataSet,System.Collections.Generic.List{System.Data.DataRow},System.Collections.Generic.List{System.Data.DataRow})">
<summary>
Update rows in top-down order.
</summary>
</member>
<member name="M:exam_marathonSkills_Barakovskiy403.exam_marathonSkills_barakovskiy403DataSetTableAdapters.TableAdapterManager.UpdateInsertedRows(exam_marathonSkills_Barakovskiy403.exam_marathonSkills_barakovskiy403DataSet,System.Collections.Generic.List{System.Data.DataRow})">
<summary>
Insert rows in top-down order.
</summary>
</member>
<member name="M:exam_marathonSkills_Barakovskiy403.exam_marathonSkills_barakovskiy403DataSetTableAdapters.TableAdapterManager.UpdateDeletedRows(exam_marathonSkills_Barakovskiy403.exam_marathonSkills_barakovskiy403DataSet,System.Collections.Generic.List{System.Data.DataRow})">
<summary>
Delete rows in bottom-up order.
</summary>
</member>
<member name="M:exam_marathonSkills_Barakovskiy403.exam_marathonSkills_barakovskiy403DataSetTableAdapters.TableAdapterManager.GetRealUpdatedRows(System.Data.DataRow[],System.Collections.Generic.List{System.Data.DataRow})">
<summary>
Remove inserted rows that become updated rows after calling TableAdapter.Update(inserted rows) first
</summary>
</member>
<member name="M:exam_marathonSkills_Barakovskiy403.exam_marathonSkills_barakovskiy403DataSetTableAdapters.TableAdapterManager.UpdateAll(exam_marathonSkills_Barakovskiy403.exam_marathonSkills_barakovskiy403DataSet)">
<summary>
Update all changes to the dataset.
</summary>
</member>
<member name="T:exam_marathonSkills_Barakovskiy403.exam_marathonSkills_barakovskiy403DataSetTableAdapters.TableAdapterManager.UpdateOrderOption">
<summary>
Update Order Option
</summary>
</member>
<member name="T:exam_marathonSkills_Barakovskiy403.exam_marathonSkills_barakovskiy403DataSetTableAdapters.TableAdapterManager.SelfReferenceComparer">
<summary>
Used to sort self-referenced table's rows
</summary>
</member>
</members>
</doc>
